sn,status,name
2M5h44qqc,offline,Tag-1
2P7jVouR2,online,Abdul's Card
2P7kDyqyY,offline,SP-2
2P7oVVBXq,offline,SP-1
2P7rlnvgI,offline,Card-1
2P7s7arfi,offline,Sticker
2UXqG9kbL,offline,
2UXqG9kbM,offline,TPL Locator
2UXqG9kbN,offline,TPL Locator
2UXqG9kbO,offline,TPL Locator
2UXqG9kbP,offline,TPL Locator
2UXqG9kbQ,offline,TPL Locator
2UXqG9kbS,offline,TPL Locator
2UXqG9kbT,offline,TPL Locator
2UXqG9kbU,offline,TPL Locator
2UXqG9kbV,offline,TPL Locator
2UXqG9kbZ,offline,TPL Locator
2UXqG9kc2,offline,TPL Locator
2UXqG9kc3,offline,TPL Locator
2UXqG9kc4,offline,TPL Locator
2UXqG9kc5,offline,TPL Locator
2UXqG9kc6,offline,TPL Locator
2UXqG9kc7,offline,TPL Locator
2UXqG9kc8,offline,TPL Locator
2UXqG9kc9,offline,TPL Locator
2UXqG9kcA,offline,TPL Locator
2UXqG9kcB,offline,TPL Locator
2UXqG9kcC,offline,TPL Locator
2UXqG9kcD,offline,AAX-5367
2UXqG9kcE,offline,TPL Locator
2UXqG9kcF,offline,TPL Locator
2UXqG9kcG,offline,TPL Locator
2UXqG9kcH,offline,TPL Locator
2UXqG9kcI,offline,TPL Locator
2UXqG9kcJ,offline,TPL Locator
2UXqG9kcK,offline,TPL Locator
2UXqG9kcL,offline,TPL Locator
2UXqG9kca,offline,TPL Locator
2UXqG9kcd,offline,TPL Locator
2UXqG9kce,offline,TPL Locator
2UXqG9kcf,offline,TPL Locator
2UXqG9kcg,offline,TPL Locator
2UXqG9kch,offline,TPL Locator
2UXqG9kci,offline,TPL Locator
2UXqG9kcj,offline,TPL Locator
2UXqG9kck,offline,TPL Locator
2UXqG9kcl,offline,TPL Locator
2UXqG9kcm,offline,TPL Locator
2UXqG9kcn,offline,TPL Locator
2UXqG9kco,offline,TPL Locator
2UXqG9kcp,offline,TPL Locator
2UXqG9kcq,offline,TPL Locator
2UXqG9kcr,offline,TPL Locator
2UXqG9kcs,offline,TPL Locator
2UXqG9kct,offline,TPL Locator
2UXqG9kcu,offline,TPL Locator
2UXqG9kcv,offline,TPL Locator
2UXqG9kcw,offline,TPL Locator
2UXqG9kcx,offline,TPL Locator
2UXqG9kcy,offline,TPL Locator
2UXqG9kcz,offline,TPL Locator
2UXqG9lfO,offline,TPL Locator
2UXqG9lfP,offline,TPL Locator
2UXqG9lfQ,offline,TPL Locator
2UXqG9lfS,offline,TPL Locator
2UXqG9lfT,offline,TPL Locator
2UXqG9lfU,offline,TPL Locator
2UXqG9lfV,offline,TPL Locator
2UXqG9lfW,offline,TPL Locator
2UXqG9lfX,offline,TPL Locator
2UXqG9lfY,offline,TPL Locator
2UXqG9lfZ,offline,TPL Locator
2UXqG9lg0,offline,TPL Locator
2UXqG9lg1,offline,TPL Locator
2UXqG9lg2,online,Sabby
2UXqG9lg4,offline,TPL Locator
2UXqG9lg5,offline,TPL Locator
2UXqG9lg6,offline,TPL Locator
2UXqG9lg7,offline,TPL Locator
2UXqG9lg8,offline,TPL Locator
2UXqG9lg9,offline,TPL Locator
2UXqG9lgA,offline,TPL Locator
2UXqG9lgB,offline,TPL Locator
2UXqG9lgC,offline,TPL Locator
2UXqG9lgD,offline,TPL Locator
2UXqG9lgE,offline,TPL Locator
2UXqG9lgF,offline,TPL Locator
2UXqG9lgG,offline,TPL Locator
2UXqG9lgH,offline,TPL Locator
2UXqG9lgI,offline,TPL Locator
2UXqG9lgK,offline,TPL Locator
2UXqG9lgL,offline,TPL Locator
2UXqG9lgM,online,AAX-5401
2UXqG9lgN,offline,TPL Locator
2UXqG9lgO,offline,TPL Locator
2UXqG9lgP,offline,TPL Locator
2UXqG9lga,offline,TPL Locator
2UXqG9lgb,offline,TPL Locator
2UXqG9lgc,offline,TPL Locator
2UXqG9lgd,offline,TPL Locator
2UXqG9lge,offline,TPL Locator
2UXqG9lgf,offline,TPL Locator
2UXqG9lgg,offline,TPL Locator
2UXqG9lgh,offline,TPL Locator
2UXqG9lgi,offline,TPL Locator
2UXqG9lgj,online,TPL Locator
2UXqG9lgk,offline,TPL Locator
2UXqG9lgl,offline,TPL Locator
2UXqG9lgm,offline,
2UXqG9lgn,offline,TPL Locator
2UXqG9lgo,offline,TPL Locator
2UXqG9lgp,offline,TPL Locator
2UXqG9lgq,offline,TPL Locator
2UXqG9lgr,offline,TPL Locator
2UXqG9lgs,offline,TPL Locator
2UXqG9lgt,offline,TPL Locator
2UXqG9lgv,offline,TPL Locator
2UXqG9lgw,offline,TPL Locator
2UXqG9lgx,offline,TPL Locator
2UXqG9lgy,offline,TPL Locator
2UXqG9mjS,offline,TPL Locator
2UXqG9mjT,offline,TPL Locator
2UXqG9mjU,offline,TPL Locator
2UXqG9mjV,offline,TPL Locator
2UXqG9mjW,offline,TPL Locator
2UXqG9mjX,online,TPL Locator
2UXqG9mjY,offline,TPL Locator
2UXqG9mjZ,offline,TPL Locator
2UXqG9mk0,offline,TPL Locator
2UXqG9mk1,offline,TPL Locator
2UXqG9mk2,offline,TPL Locator
2UXqG9mk3,offline,TPL Locator
2UXqG9mk4,offline,TPL Locator
2UXqG9mk5,offline,TPL Locator
2UXqG9mk6,offline,TPL Locator
2UXqG9mk7,offline,TPL Locator
2UXqG9mk8,offline,TPL Locator
2UXqG9mk9,offline,TPL Locator
2UXqG9mkA,offline,TPL Locator
2UXqG9mkB,offline,TPL Locator
2UXqG9mkC,offline,TPL Locator
2UXqG9mkD,offline,TPL Locator
2UXqG9mkE,online,AAX-5395
2UXqG9mkF,offline,TPL Locator
2UXqG9mkG,offline,TPL Locator
2UXqG9mkH,offline,TPL Locator
2UXqG9mkI,offline,TPL Locator
2UXqG9mkJ,offline,TPL Locator
2UXqG9mkK,offline,TPL Locator
2UXqG9mkL,offline,TPL Locator
2UXqG9mkM,offline,TPL Locator
2UXqG9mkN,offline,TPL Locator
2UXqG9mkO,offline,TPL Locator
2UXqG9mkP,online,AGF
2UXqG9mkQ,offline,TPL Locator
2UXqG9mkR,offline,TPL Locator
2UXqG9mkS,offline,TPL Locator
2UXqG9mkT,online,Wallet
2UXqG9mka,offline,TPL Locator
2UXqG9mkb,offline,TPL Locator
2UXqG9mkc,offline,TPL Locator
2UXqG9mkd,offline,TPL Locator
2UXqG9mke,offline,TPL Locator
2UXqG9mki,offline,TPL Locator
2UXqG9mkj,offline,TPL Locator
2UXqG9mkk,offline,TPL Locator
2UXqG9mkl,offline,TPL Locator
2UXqG9mkm,offline,TPL Locator
2UXqG9mkn,offline,TPL Locator
2UXqG9mko,offline,TPL Locator
2UXqG9mkp,offline,TPL Locator
2UXqG9mkq,offline,TPL Locator
2UXqG9mkr,offline,TPL Locator
2UXqG9mks,offline,TPL Locator
2UXqG9mkt,offline,TPL Locator
2UXqG9mku,offline,TPL Locator
2UXqG9mkv,offline,TPL Locator
2UXqG9mkw,offline,TPL Locator
2UXqG9mkx,offline,TPL Locator
2UXqG9mky,offline,TPL Locator
2UXqG9mkz,offline,TPL Locator
2UXqG9nnW,offline,TPL Locator
2UXqG9nnX,online,ISC1
2UXqG9nnY,offline,TPL Locator
2UXqG9nnZ,offline,TPL Locator
2UXqG9no0,offline,ISC2
2UXqG9no1,offline,TPL Locator
2UXqG9no3,offline,TPL Locator
2UXqG9no4,offline,TPL Locator
2UXqG9no5,offline,TPL Locator
2UXqG9no6,offline,TPL Locator
2UXqG9no7,offline,TPL Locator
2UXqG9no8,offline,TPL Locator
2UXqG9no9,offline,TPL Locator
2UXqG9noA,offline,TPL Locator
2UXqG9noB,offline,TPL Locator
2UXqG9noC,offline,TPL Locator
2UXqG9noD,offline,TPL Locator
2UXqG9noE,offline,TPL Locator
2UXqG9noF,offline,TPL Locator
2UXqG9noG,offline,TPL Locator
2UXqG9noH,offline,TPL Locator
2UXqG9noI,offline,TPL Locator
2UXqG9noJ,offline,TPL Locator
2UXqG9noK,offline,TPL Locator
2UXqG9noL,offline,TPL Locator
2UXqG9noN,offline,TPL Locator
2UXqG9noO,online,Danish Q
2UXqG9noQ,offline,TPL Locator
2UXqG9noR,online,zayan 1
2UXqG9noS,offline,TPL Locator
2UXqG9noT,online,TPL Locator
2UXqG9noU,offline,TPL Locator
2UXqG9noV,offline,TPL Locator
2UXqG9noW,offline,TPL Locator
2UXqG9noX,offline,TPL Locator
2UXqG9noa,offline,TPL Locator
2UXqG9noc,offline,TPL Locator
2UXqG9nod,offline,TPL Locator
2UXqG9noe,offline,TPL Locator
2UXqG9nof,online,My wallet
2UXqG9nog,offline,TPL Locator
2UXqG9noh,online,Car
2UXqG9noi,online,Adnan
2UXqG9noj,offline,TPL Locator
2UXqG9nok,offline,TPL Locator
2UXqG9nol,offline,TPL Locator
2UXqG9nom,online,Personal
2UXqG9non,offline,TPL Locator
2UXqG9noo,offline,
2UXqG9nop,offline,TPL Locator
2UXqG9noq,offline,TPL Locator
2UXqG9nor,offline,TPL Locator
2UXqG9nos,offline,TPL Locator
2UXqG9nou,offline,TPL Locator
2UXqG9nov,offline,TPL Locator
2UXqG9now,offline,TPL Locator
2UXqG9nox,offline,TPL Locator
2UXqG9noy,offline,TPL Locator
2UXqG9os0,offline,TPL Locator
2UXqG9os1,offline,TPL Locator
2UXqG9os2,offline,TPL Locator
2UXqG9os4,offline,TPL Locator
2UXqG9os5,offline,TPL Locator
2UXqG9os6,offline,TPL Locator
2UXqG9os7,offline,TPL Locator
2UXqG9os8,offline,TPL Locator
2UXqG9os9,offline,TPL Locator
2UXqG9osA,offline,TPL Locator
2UXqG9osB,offline,TPL Locator
2UXqG9osC,offline,TPL Locator
2UXqG9osE,offline,TPL Locator
2UXqG9osF,offline,TPL Locator
2UXqG9osH,offline,TPL Locator
2UXqG9osI,offline,TPL Locator
2UXqG9osJ,online,AAX-5390
2UXqG9osK,offline,TPL Locator
2UXqG9osL,offline,TPL Locator
2UXqG9osM,offline,TPL Locator
2UXqG9osN,offline,TPL Locator
2UXqG9osX,offline,TPL Locator
2UXqG9osa,offline,TPL Locator
2UXqG9osb,offline,TPL Locator
2UXqG9osc,offline,TPL Locator
2UXqG9osd,offline,TPL Locator
2UXqG9ose,offline,TPL Locator
2UXqG9osf,offline,TPL Locator
2UXqG9osg,offline,TPL Locator
2UXqG9osh,offline,TPL Locator
2UXqG9osi,offline,TPL Locator
2UXqG9osj,offline,TPL Locator
2UXqG9osq,offline,TPL Locator
2UXqG9osr,offline,TPL Locator
2UXqG9oss,offline,TPL Locator
2UXqG9ost,offline,TPL Locator
2UXqG9osu,offline,TPL Locator
2UXqG9osv,offline,TPL Locator
2UXqG9osw,offline,TPL Locator
2UXqG9osx,offline,TPL Locator
2UXqG9osy,offline,TPL Locator
2UXqG9osz,offline,TPL Locator
2UXqG9ot0,offline,TPL Locator
2UXqG9pw4,offline,TPL Locator
2UXqG9pw5,offline,TPL Locator
2UXqG9pwB,offline,TPL Locator
2UXqG9pwC,online,AAX-5403
2UXqG9pwE,offline,TPL Locator
2UXqG9pwF,offline,TPL Locator
2UXqG9pwW,offline,TPL Locator
2UXqG9pwY,offline,TPL Locator
2UXqG9pwZ,offline,TPL Locator
2UXqG9pwa,offline,TPL Locator
2UXqG9pwb,offline,TPL Locator
2UXqG9pwg,offline,TPL Locator
2UXqG9pwh,offline,TPL Locator
2UXqG9pwi,offline,TPL Locator
2UXqG9pwk,offline,TPL Locator
2UXqG9pwn,offline,TPL Locator
2UXqG9pwo,offline,TPL Locator
2UXqG9pwp,offline,TPL Locator
2UXqG9pws,offline,TPL Locator
2UXqG9pwt,offline,TPL Locator
2UXqG9pwy,offline,TPL Locator
2UXqG9pwz,offline,TPL Locator
2UXqG9px2,offline,TPL Locator
2UXqG9px5,offline,TPL Locator
2UXqG9qAA,offline,TPL Locator
2UXqG9qAC,offline,TPL Locator
2UXqG9qAG,offline,TPL Locator
2UXqG9qAI,offline,TPL Locator
2UXqG9qAK,offline,TPL Locator
2UXqG9qAL,offline,TPL Locator
2UXqG9qAO,offline,AAX-5399
2UXqG9qAQ,offline,TPL Locator
2UXqG9qAR,online,TPL Locator
2UXqG9qAU,offline,TPL Locator
2UXqG9qAW,offline,TPL Locator
2UXqG9qAY,offline,TPL Locator
2UXqG9qAa,offline,TPL Locator
2UXqG9qAc,offline,TPL Locator
2UXqG9qAk,offline,TPL Locator
2UXqG9qAm,offline,TPL Locator
2UXqG9qAo,offline,TPL Locator
2UXqG9qAs,offline,Inaya
2UXqG9qAu,offline,TPL Locator
2UXqG9qAw,offline,TPL Locator
2UXqG9qAy,offline,TPL Locator
2UXqG9qB0,offline,TPL Locator
2UXqG9qB1,offline,TPL Locator
2UXqG9qB3,offline,TPL Locator
2UXqG9qB6,offline,TPL Locator
2UXqG9qB8,offline,TPL Locator
2UXqG9rEA,online,ISC0
2UXqG9rEC,offline,TPL Locator
2UXqG9rEE,offline,TPL Locator
2UXqG9rEG,offline,TPL Locator
2UXqG9rEI,offline,TPL Locator
2UXqG9rEK,offline,TPL Locator
2UXqG9rEM,offline,TPL Locator
2UXqG9rEO,online,Sample card for Aamir
2UXqG9rEQ,offline,TPL Locator
2UXqG9rES,offline,TPL Locator
2UXqG9rEU,online,my card
2UXqG9rEW,offline,TPL Locator
2UXqG9rEY,offline,TPL Locator
2UXqG9rEk,offline,TPL Locator
2UXqG9rEo,offline,TPL Locator
2UXqG9rEq,offline,TPL Locator
2UXqG9rEr,offline,TPL Locator
2UXqG9rEs,offline,TPL Locator
2UXqG9rEt,offline,TPL Locator
2UXqG9rEu,offline,TPL Locator
2UXqG9rEw,offline,TPL Locator
2UXqG9rEy,offline,
2UXqG9rF0,offline,TPL Locator
2UXqG9rF2,online,PD Demo
2UXqG9rF6,offline,TPL Locator
2UXqG9rF8,offline,TPL Locator
2UXqG9rFa,offline,TPL Locator
2UXqG9rFc,offline,TPL Locator
2UXqG9tMC,offline,TPL Locator
2UXqG9tME,offline,TPL Locator
2UXqG9tMF,offline,TPL Locator
2UXqG9tMI,offline,TPL Locator
2UXqG9tMJ,offline,TPL Locator
2UXqG9tMK,offline,TPL Locator
2UXqG9tML,offline,TPL Locator
2UXqG9tMP,offline,TPL Locator
2UXqG9tMR,offline,TPL Locator
2UXqG9tMU,offline,TPL Locator
2UXqG9tMW,offline,TPL Locator
2UXqG9tMX,offline,TPL Locator
2UXqG9tMY,offline,TPL Locator
2UXqG9tMk,offline,TPL Locator
2UXqG9tMl,offline,TPL Locator
2UXqG9tMm,offline,TPL Locator
2UXqG9tMo,online,TPL Locator
2UXqG9tMp,offline,TPL Locator
2UXqG9tMq,offline,TPL Locator
2UXqG9tMr,offline,TPL Locator
2UXqG9tN0,offline,TPL Locator
2UXqG9tN2,offline,TPL Locator
2UXqG9tN4,offline,TPL Locator
2UXqG9tN6,offline,TPL Locator
2UXqG9tN7,offline,TPL Locator
2UXqG9tN8,offline,TPL Locator
2UXqG9tN9,offline,TPL Locator
2UXqG9tNc,online,Col Farukh
2UXqG9tNd,offline,AAX-5407
2UXqG9tNe,online,TPL Locator
2UXqG9tNf,offline,TPL Locator
2UXqG9tNg,offline,TPL Locator
2UXqG9tNh,offline,TPL Locator
2UXqG9tNi,offline,TPL Locator
2UXqG9tNk,offline,TPL Locator
2UXqG9uQC,offline,TPL Locator
2UXqG9uQD,offline,TPL Locator
2UXqG9uQG,offline,TPL Locator
2UXqG9uQL,offline,TPL Locator
2UXqG9uQM,offline,TPL Locator
2UXqG9uQN,offline,TPL Locator
2UXqG9uQO,online,AAX-5389
2UXqG9uQR,offline,TPL Locator
2UXqG9uQU,offline,TPL Locator
2UXqG9uQW,offline,TPL Locator
2UXqG9uQY,online,My card
2UXqG9uQo,offline,
2UXqG9uQq,offline,TPL Locator
2UXqG9uQs,offline,TPL Locator
2UXqG9uQt,offline,TPL Locator
2UXqG9uQu,offline,TPL Locator
2UXqG9uQv,offline,TPL Locator
2UXqG9uR0,offline,TPL Locator
2UXqG9uR1,offline,TPL Locator
2UXqG9uR2,offline,TPL Locator
2UXqG9uR4,offline,TPL Locator
2UXqG9uR6,offline,TPL Locator
2UXqG9uR7,offline,AAN-2379
2UXqG9uR8,offline,TPL Locator
2UXqG9uR9,online,AAX-5394
2UXqG9uRa,offline,TPL Locator
2UXqG9uRb,offline,TPL Locator
2UXqG9uRc,offline,TPL Locator
2UXqG9uRd,offline,TPL Locator
2UXqG9uRe,offline,TPL Locator
2UXqG9uRg,offline,TPL Locator
2UXqG9uRh,offline,TPL Locator
2UXqG9uRi,offline,TPL Locator
2UXqG9uRj,online,TPL Locator
2UXqG9uRl,offline,TPL Locator
2UXqG9uRm,offline,TPL Locator
2UXqG9uRn,offline,TPL Locator
2UXqG9uRo,offline,TPL Locator
2UXqG9uRp,offline,TPL Locator
2UXqG9vUA,offline,TPL Locator
2UXqG9vUC,offline,TPL Locator
2UXqG9vUD,offline,TPL Locator
2UXqG9vUE,offline,TPL Locator
2UXqG9vUF,offline,TPL Locator
2UXqG9vUG,offline,TPL Locator
2UXqG9vUI,offline,TPL Locator
2UXqG9vUJ,offline,TPL Locator
2UXqG9vUK,offline,TPL Locator
2UXqG9vUL,offline,TPL Locator
2UXqG9vUO,offline,TPL Locator
2UXqG9vUP,offline,TPL Locator
2UXqG9vUQ,offline,TPL Locator
2UXqG9vUR,offline,TPL Locator
2UXqG9vUS,offline,TPL Locator
2UXqG9vUT,offline,TPL Locator
2UXqG9vUU,offline,TPL Locator
2UXqG9vUV,offline,TPL Locator
2UXqG9vUW,offline,TPL Locator
2UXqG9vUY,offline,TPL Locator
2UXqG9vUZ,offline,TPL Locator
2UXqG9vUs,offline,TPL Locator
2UXqG9vUu,offline,TPL Locator
2UXqG9vUw,offline,TPL Locator
2UXqG9vUy,offline,TPL Locator
2UXqG9vUz,offline,TPL Locator
2UXqG9vV0,offline,TPL Locator
2UXqG9vV1,offline,TPL Locator
2UXqG9vV4,offline,TPL Locator
2UXqG9vV6,offline,TPL Locator
2UXqG9vV8,offline,TPL Locator
2UXqG9vVc,offline,TPL Locator
2UXqG9vVd,offline,TPL Locator
2UXqG9vVe,offline,TPL Locator
2UXqG9vVf,offline,TPL Locator
2UXqG9vVg,offline,TPL Locator
2UXqG9vVh,offline,TPL Locator
2UXqG9vVi,offline,TPL Locator
2UXqG9vVk,offline,TPL Locator
2UXqG9vVm,offline,TPL Locator
2UXqG9vVn,offline,TPL Locator
2UXqG9vVo,offline,TPL Locator
2UXqG9vVp,offline,AAX-5405
2WqY5b1Gm,offline,TPL Locator
2WqY5b2JF,offline,TPL Locator
2WqY5b2JI,offline,TPL Locator
2WqY5b2JJ,offline,TPL Locator
2WqY5b2JK,offline,TPL Locator
2WqY5b2JL,offline,TPL Locator
2WqY5b2JM,offline,TPL Locator
2WqY5b2JN,offline,TPL Locator
2WqY5b2JO,offline,TPL Locator
2WqY5b2JP,offline,TPL Locator
2WqY5b2JQ,offline,TPL Locator
2WqY5b2JR,offline,TPL Locator
2WqY5b2JS,offline,TPL Locator
2WqY5b2JT,offline,TPL Locator
2WqY5b2JU,offline,TPL Locator
2WqY5b2JV,offline,TPL Locator
2WqY5b2JW,offline,TPL Locator
2WqY5b2JX,offline,TPL Locator
2WqY5b2JY,offline,TPL Locator
2WqY5b2Jq,offline,TPL Locator
2WqY5b2Jr,offline,TPL Locator
2WqY5b2K0,offline,TPL Locator
2WqY5b2K1,offline,TPL Locator
2WqY5b2K6,offline,TPL Locator
2WqY5b2K9,offline,TPL Locator
2WqY5b2Kd,offline,TPL Locator
2WqY5b2Ke,offline,TPL Locator
2WqY5b3NA,offline,TPL Locator
2WqY5b3NB,offline,TPL Locator
2WqY5b3NC,offline,TPL Locator
2WqY5b3ND,offline,TPL Locator
2WqY5b3NI,offline,TPL Locator
2WqY5b3NJ,offline,TPL Locator
2WqY5b3NK,offline,TPL Locator
2WqY5b3NO,offline,TPL Locator
2WqY5b3NP,offline,TPL Locator
2WqY5b3Ny,offline,TPL Locator
2WqY5b3Nz,offline,TPL Locator
2WqY5b4S2,offline,TPL Locator
2WqY5b4S3,offline,TPL Locator
2WqY5b4S4,offline,TPL Locator
2WqY5b4S5,offline,TPL Locator
2WqY5b4S8,offline,TPL Locator
2WqY5b4S9,offline,TPL Locator
2WqY5b4Sa,offline,TPL Locator
2WqY5b4Sb,offline,TPL Locator
2WqY5b4Sc,offline,TPL Locator
2WqY5b4Sk,offline,TPL Locator
2WqY5b4Sl,offline,TPL Locator
2WqY5b4Sm,offline,TPL Locator
2WqY5b4Sn,offline,TPL Locator
2WqY5b4Sp,offline,TPL Locator
2WqY5b4Sw,offline,TPL Locator
2WqY5b4Sx,offline,TPL Locator
2WqY5b4Sy,offline,TPL Locator
2WqY5b4Sz,offline,TPL Locator
2WqY5b5VC,offline,TPL Locator
2WqY5b5VD,offline,TPL Locator
2WqY5b5VF,offline,TPL Locator
2WqY5b5VJ,offline,TPL Locator
2WqY5b5VK,offline,TPL Locator
2WqY5b5VL,offline,TPL Locator
2WqY5b5VM,offline,TPL Locator
2WqY5b5VN,offline,TPL Locator
2WqY5b5VO,offline,TPL Locator
2WqY5b5VP,offline,TPL Locator
2WqY5b5VQ,offline,TPL Locator
2WqY5b5VR,offline,TPL Locator
2WqY5b5VS,offline,TPL Locator
2WqY5b5VT,offline,TPL Locator
2WqY5b5VU,offline,TPL Locator
2WqY5b5VW,offline,TPL Locator
2WqY5b5VY,offline,TPL Locator
2WqY5b5VZ,offline,TPL Locator
2WqY5b5W0,offline,TPL Locator
2WqY5b5W1,offline,TPL Locator
2WqY5b5W2,offline,TPL Locator
2WqY5b5W4,offline,TPL Locator
2WqY5b5W6,online,TPL Locator
2WqY5b5W7,offline,TPL Locator
2WqY5b5W9,offline,TPL Locator
2WqY5b5WA,offline,TPL Locator
2WqY5b5WB,offline,TPL Locator
2WqY5b5Wa,offline,TPL Locator
2WqY5b5Wb,offline,TPL Locator
2WqY5b5Wc,offline,TPL Locator
2WqY5b5Wd,offline,TPL Locator
2WqY5b6ZK,offline,TPL Locator
2WqY5b6ZM,offline,TPL Locator
2WqY5b6ZN,offline,TPL Locator
2WqY5b6ZR,offline,TPL Locator
2WqY5b6ZU,offline,TPL Locator
2WqY5b6ZV,offline,TPL Locator
2WqY5b6ZW,offline,TPL Locator
2WqY5b6ZX,offline,TPL Locator
2WqY5b6ZY,offline,TPL Locator
2WqY5b6ZZ,offline,TPL Locator
2WqY5b700,offline,TPL Locator
2WqY5b701,offline,TPL Locator
2WqY5b702,offline,TPL Locator
2WqY5b70e,offline,TPL Locator
2WqY5b70g,offline,TPL Locator
2WqY5b70n,offline,TPL Locator
2WqY5b70q,offline,TPL Locator
2WqY5b70r,offline,TPL Locator
2WqY5b70s,offline,TPL Locator
2WqY5b70t,offline,TPL Locator
2WqY5b70v,offline,TPL Locator
2WqY5b83K,offline,TPL Locator
2WqY5b83L,offline,TPL Locator
2WqY5b83M,offline,TPL Locator
2WqY5b83N,offline,TPL Locator
2WqY5b83Q,offline,TPL Locator
2WqY5b83R,offline,TPL Locator
2WqY5b83S,offline,TPL Locator
2WqY5b83T,offline,TPL Locator
2WqY5b842,offline,TPL Locator
2WqY5b844,offline,TPL Locator
2WqY5b845,offline,TPL Locator
2WqY5b846,offline,TPL Locator
2WqY5b84B,online,TPL Locator
2WqY5b84C,offline,TPL Locator
2WqY5b84D,offline,TPL Locator
2WqY5b84E,offline,TPL Locator
2WqY5b84F,offline,TPL Locator
2WqY5b84G,offline,TPL Locator
2WqY5b84l,offline,TPL Locator
2WqY5b84n,offline,TPL Locator
2WqY5b84w,offline,TPL Locator
2WqY5b84z,online,TPL Locator
780901807619229,offline,PB708PRO-19229
780901807619230,online,luggage
780901807619376,online,TME V2
780901807619465,online,PB708PRO-19465
780901807676828,online,TME - Sticker
ccc777mbjgap,online,TPl 2
